"Top 10 Waxes & Pastes","Top 10 Waxen & Pastes",module,Magento_Theme
"Our recommendations","Aanraders"
"Packages","Pakketten",module,Magento_Theme
"Hair Wax","Haar wax",module,Magento_Theme
"Hair Clay","Haar Clay",module,Magento_Theme
"Pomades","Haar Pomade",module,Magento_Theme
"Water Based Pomades","Waterbasis Pomade",module,Magento_Theme
"Hair Cream","Haarcr√®me",module,Magento_Theme
"Hair Paste","Haar Paste",module,Magento_Theme
"Hair Gel","Haar Gel",module,Magento_Theme
"Hair Spray","Haarspray",module,Magento_Theme
"Hair Mousse","Haar Mousse",module,Magento_Theme
"Styling Powder","Styling Powder",module,Magento_Theme
"Packages","Pakketten",module,Magento_Theme
"Packages","Pakketten",module,Magento_Theme
"Packages","Pakketten",module,Magento_Theme
"Packages","Pakketten",module,Magento_Theme